1924,Ice Hockey,USA,Men,Silver
1924,Ice Hockey,USA,Men,Silver
1924,Ice Hockey,USA,Men,Silver
1924,Ice Hockey,USA,Men,Silver
1924,Ice Hockey,USA,Men,Silver
1924,Ice Hockey,USA,Men,Silver
1924,Ice Hockey,USA,Men,Silver
1924,Ice Hockey,USA,Men,Silver
1924,Ice Hockey,USA,Men,Silver
1924,Ice Hockey,USA,Men,Silver
1924,Skating,USA,Women,Silver
1924,Skating,USA,Men,Gold
1924,Skiing,USA,Men,Bronze
1928,Bobsleigh,USA,Men,Gold
1928,Bobsleigh,USA,Men,Gold
1928,Bobsleigh,USA,Men,Gold
1928,Bobsleigh,USA,Men,Gold
1928,Bobsleigh,USA,Men,Gold
1928,Bobsleigh,USA,Men,Silver
1928,Bobsleigh,USA,Men,Silver
1928,Bobsleigh,USA,Men,Silver
1928,Bobsleigh,USA,Men,Silver
1928,Bobsleigh,USA,Men,Silver
1928,Bobsleigh,USA,Men,Gold
1928,Bobsleigh,USA,Men,Silver
1928,Skating,USA,Women,Bronze
1928,Skating,USA,Men,Bronze
1932,Bobsleigh,USA,Men,Gold
1932,Bobsleigh,USA,Men,Gold
1932,Bobsleigh,USA,Men,Gold
1932,Bobsleigh,USA,Men,Gold
1932,Bobsleigh,USA,Men,Gold
1932,Bobsleigh,USA,Men,Silver
1932,Bobsleigh,USA,Men,Silver
1932,Bobsleigh,USA,Men,Silver
1932,Bobsleigh,USA,Men,Silver
1932,Bobsleigh,USA,Men,Silver
1932,Bobsleigh,USA,Men,Silver
1932,Bobsleigh,USA,Men,Silver
1932,Bobsleigh,USA,Men,Silver
1932,Bobsleigh,USA,Men,Silver
1932,Bobsleigh,USA,Men,Silver
1932,Bobsleigh,USA,Men,Bronze
1932,Bobsleigh,USA,Men,Bronze
1932,Bobsleigh,USA,Men,Bronze
1932,Bobsleigh,USA,Men,Bronze
1932,Bobsleigh,USA,Men,Bronze
1932,Bobsleigh,USA,Men,Bronze
1932,Bobsleigh,USA,Men,Gold
1932,Bobsleigh,USA,Men,Gold
1932,Ice Hockey,USA,Men,Silver
1932,Ice Hockey,USA,Men,Silver
1932,Ice Hockey,USA,Men,Silver
1932,Ice Hockey,USA,Men,Silver
1932,Ice Hockey,USA,Men,Silver
1932,Ice Hockey,USA,Men,Silver
1932,Ice Hockey,USA,Men,Silver
1932,Ice Hockey,USA,Men,Silver
1932,Ice Hockey,USA,Men,Silver
1932,Ice Hockey,USA,Men,Silver
1932,Ice Hockey,USA,Men,Silver
1932,Ice Hockey,USA,Men,Silver
1932,Ice Hockey,USA,Men,Silver
1932,Ice Hockey,USA,Men,Silver
1932,Skating,USA,Women,Bronze
1932,Skating,USA,Men,Silver
1932,Skating,USA,Women,Silver
1932,Skating,USA,Men,Gold
1932,Skating,USA,Men,Gold
1932,Skating,USA,Men,Gold
1932,Skating,USA,Men,Silver
1932,Skating,USA,Men,Gold
1936,Bobsleigh,USA,Men,Bronze
1936,Bobsleigh,USA,Men,Bronze
1936,Bobsleigh,USA,Men,Gold
1936,Bobsleigh,USA,Men,Gold
1936,Ice Hockey,USA,Men,Bronze
1936,Ice Hockey,USA,Men,Bronze
1936,Ice Hockey,USA,Men,Bronze
1936,Ice Hockey,USA,Men,Bronze
1936,Ice Hockey,USA,Men,Bronze
1936,Ice Hockey,USA,Men,Bronze
1936,Ice Hockey,USA,Men,Bronze
1936,Ice Hockey,USA,Men,Bronze
1936,Ice Hockey,USA,Men,Bronze
1936,Ice Hockey,USA,Men,Bronze
1936,Ice Hockey,USA,Men,Bronze
1936,Skating,USA,Men,Bronze
1948,Bobsleigh,USA,Men,Bronze
1948,Bobsleigh,USA,Men,Bronze
1948,Bobsleigh,USA,Men,Bronze
1948,Bobsleigh,USA,Men,Bronze
1948,Bobsleigh,USA,Men,Gold
1948,Bobsleigh,USA,Men,Gold
1948,Bobsleigh,USA,Men,Gold
1948,Bobsleigh,USA,Men,Gold
1948,Bobsleigh,USA,Men,Bronze
1948,Bobsleigh,USA,Men,Bronze
1948,Bobsleigh,USA,Men,Silver
1948,Skating,USA,Men,Gold
1948,Skating,USA,Men,Silver
1948,Skating,USA,Men,Silver
1948,Skiing,USA,Women,Silver
1948,Skiing,USA,Women,Gold
1952,Bobsleigh,USA,Men,Silver
1952,Bobsleigh,USA,Men,Silver
1952,Bobsleigh,USA,Men,Silver
1952,Bobsleigh,USA,Men,Silver
1952,Bobsleigh,USA,Men,Silver
1952,Bobsleigh,USA,Men,Silver
1952,Ice Hockey,USA,Men,Silver
1952,Ice Hockey,USA,Men,Silver
1952,Ice Hockey,USA,Men,Silver
1952,Ice Hockey,USA,Men,Silver
1952,Ice Hockey,USA,Men,Silver
1952,Ice Hockey,USA,Men,Silver
1952,Ice Hockey,USA,Men,Silver
1952,Ice Hockey,USA,Men,Silver
1952,Ice Hockey,USA,Men,Silver
1952,Ice Hockey,USA,Men,Silver
1952,Ice Hockey,USA,Men,Silver
1952,Ice Hockey,USA,Men,Silver
1952,Ice Hockey,USA,Men,Silver
1952,Ice Hockey,USA,Men,Silver
1952,Ice Hockey,USA,Men,Silver
1952,Skating,USA,Men,Bronze
1952,Skating,USA,Men,Gold
1952,Skating,USA,Women,Silver
1952,Skating,USA,Women,Silver
1952,Skating,USA,Men,Silver
1952,Skating,USA,Men,Gold
1952,Skating,USA,Men,Silver
1952,Skiing,USA,Women,Gold
1952,Skiing,USA,Women,Gold
1956,Bobsleigh,USA,Men,Bronze
1956,Bobsleigh,USA,Men,Bronze
1956,Bobsleigh,USA,Men,Bronze
1956,Bobsleigh,USA,Men,Bronze
1956,Ice Hockey,USA,Men,Silver
1956,Ice Hockey,USA,Men,Silver
1956,Ice Hockey,USA,Men,Silver
1956,Ice Hockey,USA,Men,Silver
1956,Ice Hockey,USA,Men,Silver
1956,Ice Hockey,USA,Men,Silver
1956,Ice Hockey,USA,Men,Silver
1956,Ice Hockey,USA,Men,Silver
1956,Ice Hockey,USA,Men,Silver
1956,Ice Hockey,USA,Men,Silver
1956,Ice Hockey,USA,Men,Silver
1956,Ice Hockey,USA,Men,Silver
1956,Ice Hockey,USA,Men,Silver
1956,Ice Hockey,USA,Men,Silver
1956,Ice Hockey,USA,Men,Silver
1956,Ice Hockey,USA,Men,Silver
1956,Ice Hockey,USA,Men,Silver
1956,Skating,USA,Men,Bronze
1956,Skating,USA,Men,Gold
1956,Skating,USA,Men,Silver
1956,Skating,USA,Women,Gold
1956,Skating,USA,Women,Silver
1960,Ice Hockey,USA,Men,Gold
1960,Ice Hockey,USA,Men,Gold
1960,Ice Hockey,USA,Men,Gold
1960,Ice Hockey,USA,Men,Gold
1960,Ice Hockey,USA,Men,Gold
1960,Ice Hockey,USA,Men,Gold
1960,Ice Hockey,USA,Men,Gold
1960,Ice Hockey,USA,Men,Gold
1960,Ice Hockey,USA,Men,Gold
1960,Ice Hockey,USA,Men,Gold
1960,Ice Hockey,USA,Men,Gold
1960,Ice Hockey,USA,Men,Gold
1960,Ice Hockey,USA,Men,Gold
1960,Ice Hockey,USA,Men,Gold
1960,Ice Hockey,USA,Men,Gold
1960,Ice Hockey,USA,Men,Gold
1960,Ice Hockey,USA,Men,Gold
1960,Skating,USA,Men,Gold
1960,Skating,USA,Women,Bronze
1960,Skating,USA,Women,Gold
1960,Skating,USA,Women,Bronze
1960,Skating,USA,Men,Bronze
1960,Skating,USA,Men,Silver
1960,Skating,USA,Women,Bronze
1960,Skiing,USA,Women,Silver
1960,Skiing,USA,Women,Silver
1960,Skiing,USA,Women,Silver
1964,Skating,USA,Men,Bronze
1964,Skating,USA,Women,Bronze
1964,Skating,USA,Men,Bronze
1964,Skating,USA,Men,Gold
1964,Skiing,USA,Women,Silver
1964,Skiing,USA,Men,Bronze
1964,Skiing,USA,Men,Silver
1964,Skiing,USA,Women,Bronze
1968,Skating,USA,Men,Silver
1968,Skating,USA,Women,Gold
1968,Skating,USA,Women,Bronze
1968,Skating,USA,Men,Silver
1968,Skating,USA,Women,Silver
1968,Skating,USA,Women,Silver
1968,Skating,USA,Women,Silver
1972,Ice Hockey,USA,Men,Silver
1972,Ice Hockey,USA,Men,Silver
1972,Ice Hockey,USA,Men,Silver
1972,Ice Hockey,USA,Men,Silver
1972,Ice Hockey,USA,Men,Silver
1972,Ice Hockey,USA,Men,Silver
1972,Ice Hockey,USA,Men,Silver
1972,Ice Hockey,USA,Men,Silver
1972,Ice Hockey,USA,Men,Silver
1972,Ice Hockey,USA,Men,Silver
1972,Ice Hockey,USA,Men,Silver
1972,Ice Hockey,USA,Men,Silver
1972,Ice Hockey,USA,Men,Silver
1972,Ice Hockey,USA,Men,Silver
1972,Ice Hockey,USA,Men,Silver
1972,Ice Hockey,USA,Men,Silver
1972,Ice Hockey,USA,Men,Silver
1972,Ice Hockey,USA,Men,Silver
1972,Skating,USA,Women,Bronze
1972,Skating,USA,Women,Bronze
1972,Skating,USA,Women,Gold
1972,Skating,USA,Women,Silver
1972,Skating,USA,Women,Gold
1972,Skiing,USA,Women,Bronze
1972,Skiing,USA,Women,Gold
1976,Skating,USA,Men,Bronze
1976,Skating,USA,Women,Bronze
1976,Skating,USA,Women,Gold
1976,Skating,USA,Men,Gold
1976,Skating,USA,Women,Bronze
1976,Skating,USA,Women,Silver
1976,Skating,USA,Women,Silver
1976,Skating,USA,Men,Bronze
1976,Skating,USA,Women,Gold
1976,Skiing,USA,Women,Bronze
1976,Skiing,USA,Men,Silver
1980,Ice Hockey,USA,Men,Gold
1980,Ice Hockey,USA,Men,Gold
1980,Ice Hockey,USA,Men,Gold
1980,Ice Hockey,USA,Men,Gold
1980,Ice Hockey,USA,Men,Gold
1980,Ice Hockey,USA,Men,Gold
1980,Ice Hockey,USA,Men,Gold
1980,Ice Hockey,USA,Men,Gold
1980,Ice Hockey,USA,Men,Gold
1980,Ice Hockey,USA,Men,Gold
1980,Ice Hockey,USA,Men,Gold
1980,Ice Hockey,USA,Men,Gold
1980,Ice Hockey,USA,Men,Gold
1980,Ice Hockey,USA,Men,Gold
1980,Ice Hockey,USA,Men,Gold
1980,Ice Hockey,USA,Men,Gold
1980,Ice Hockey,USA,Men,Gold
1980,Ice Hockey,USA,Men,Gold
1980,Ice Hockey,USA,Men,Gold
1980,Skating,USA,Men,Bronze
1980,Skating,USA,Women,Silver
1980,Skating,USA,Men,Gold
1980,Skating,USA,Men,Gold
1980,Skating,USA,Women,Silver
1980,Skating,USA,Men,Gold
1980,Skating,USA,Women,Bronze
1980,Skating,USA,Men,Gold
1980,Skating,USA,Men,Gold
1980,Skating,USA,Women,Silver
1980,Skiing,USA,Men,Silver
1984,Skating,USA,Men,Gold
1984,Skating,USA,Women,Silver
1984,Skating,USA,Women,Silver
1984,Skating,USA,Men,Silver
1984,Skiing,USA,Men,Gold
1984,Skiing,USA,Women,Gold
1984,Skiing,USA,Women,Silver
1984,Skiing,USA,Men,Gold
1984,Skiing,USA,Men,Silver
1988,Skating,USA,Men,Gold
1988,Skating,USA,Women,Bronze
1988,Skating,USA,Men,Bronze
1988,Skating,USA,Women,Bronze
1988,Skating,USA,Women,Bronze
1988,Skating,USA,Men,Silver
1988,Skating,USA,Women,Gold
1992,Skating,USA,Men,Silver
1992,Skating,USA,Women,Bronze
1992,Skating,USA,Women,Gold
1992,Skating,USA,Women,Silver
1992,Skating,USA,Women,Silver
1992,Skating,USA,Women,Silver
1992,Skating,USA,Women,Silver
1992,Skating,USA,Women,Gold
1992,Skating,USA,Women,Gold
1992,Skating,USA,Women,Gold
1992,Skiing,USA,Women,Silver
1992,Skiing,USA,Women,Silver
1992,Skiing,USA,Men,Bronze
1992,Skiing,USA,Women,Gold
1994,Skating,USA,Women,Silver
1994,Skating,USA,Women,Bronze
1994,Skating,USA,Women,Bronze
1994,Skating,USA,Women,Bronze
1994,Skating,USA,Women,Bronze
1994,Skating,USA,Women,Bronze
1994,Skating,USA,Men,Silver
1994,Skating,USA,Men,Silver
1994,Skating,USA,Men,Silver
1994,Skating,USA,Men,Silver
1994,Skating,USA,Men,Silver
1994,Skating,USA,Women,Bronze
1994,Skating,USA,Women,Gold
1994,Skating,USA,Men,Gold
1994,Skating,USA,Women,Gold
1994,Skating,USA,Women,Gold
1994,Skiing,USA,Men,Gold
1994,Skiing,USA,Women,Silver
1994,Skiing,USA,Men,Silver
1994,Skiing,USA,Women,Gold
1994,Skiing,USA,Women,Silver
1998,Ice Hockey,USA,Women,Gold
1998,Ice Hockey,USA,Women,Gold
1998,Ice Hockey,USA,Women,Gold
1998,Ice Hockey,USA,Women,Gold
1998,Ice Hockey,USA,Women,Gold
1998,Ice Hockey,USA,Women,Gold
1998,Ice Hockey,USA,Women,Gold
1998,Ice Hockey,USA,Women,Gold
1998,Ice Hockey,USA,Women,Gold
1998,Ice Hockey,USA,Women,Gold
1998,Ice Hockey,USA,Women,Gold
1998,Ice Hockey,USA,Women,Gold
1998,Ice Hockey,USA,Women,Gold
1998,Ice Hockey,USA,Women,Gold
1998,Ice Hockey,USA,Women,Gold
1998,Ice Hockey,USA,Women,Gold
1998,Ice Hockey,USA,Women,Gold
1998,Ice Hockey,USA,Women,Gold
1998,Ice Hockey,USA,Women,Gold
1998,Ice Hockey,USA,Women,Gold
1998,Luge,USA,Men,Bronze
1998,Luge,USA,Men,Bronze
1998,Luge,USA,Men,Silver
1998,Luge,USA,Men,Silver
1998,Skating,USA,Women,Gold
1998,Skating,USA,Women,Silver
1998,Skating,USA,Women,Silver
1998,Skating,USA,Women,Bronze
1998,Skiing,USA,Women,Gold
1998,Skiing,USA,Men,Gold
1998,Skiing,USA,Women,Gold
1998,Skiing,USA,Men,Gold
1998,Skiing,USA,Men,Bronze
1998,Skiing,USA,Women,Bronze
2002,Bobsleigh,USA,Men,Bronze
2002,Bobsleigh,USA,Men,Bronze
2002,Bobsleigh,USA,Men,Bronze
2002,Bobsleigh,USA,Men,Bronze
2002,Bobsleigh,USA,Men,Silver
2002,Bobsleigh,USA,Men,Silver
2002,Bobsleigh,USA,Men,Silver
2002,Bobsleigh,USA,Men,Silver
2002,Bobsleigh,USA,Women,Gold
2002,Bobsleigh,USA,Women,Gold
2002,Bobsleigh,USA,Men,Gold
2002,Bobsleigh,USA,Women,Gold
2002,Bobsleigh,USA,Women,Silver
2002,Ice Hockey,USA,Men,Silver
2002,Ice Hockey,USA,Men,Silver
2002,Ice Hockey,USA,Men,Silver
2002,Ice Hockey,USA,Men,Silver
2002,Ice Hockey,USA,Men,Silver
2002,Ice Hockey,USA,Men,Silver
2002,Ice Hockey,USA,Men,Silver
2002,Ice Hockey,USA,Men,Silver
2002,Ice Hockey,USA,Men,Silver
2002,Ice Hockey,USA,Men,Silver
2002,Ice Hockey,USA,Men,Silver
2002,Ice Hockey,USA,Men,Silver
2002,Ice Hockey,USA,Men,Silver
2002,Ice Hockey,USA,Men,Silver
2002,Ice Hockey,USA,Men,Silver
2002,Ice Hockey,USA,Men,Silver
2002,Ice Hockey,USA,Men,Silver
2002,Ice Hockey,USA,Men,Silver
2002,Ice Hockey,USA,Men,Silver
2002,Ice Hockey,USA,Men,Silver
2002,Ice Hockey,USA,Men,Silver
2002,Ice Hockey,USA,Men,Silver
2002,Ice Hockey,USA,Men,Silver
2002,Ice Hockey,USA,Women,Silver
2002,Ice Hockey,USA,Women,Silver
2002,Ice Hockey,USA,Women,Silver
2002,Ice Hockey,USA,Women,Silver
2002,Ice Hockey,USA,Women,Silver
2002,Ice Hockey,USA,Women,Silver
2002,Ice Hockey,USA,Women,Silver
2002,Ice Hockey,USA,Women,Silver
2002,Ice Hockey,USA,Women,Silver
2002,Ice Hockey,USA,Women,Silver
2002,Ice Hockey,USA,Women,Silver
2002,Ice Hockey,USA,Women,Silver
2002,Ice Hockey,USA,Women,Silver
2002,Ice Hockey,USA,Women,Silver
2002,Ice Hockey,USA,Women,Silver
2002,Ice Hockey,USA,Women,Silver
2002,Ice Hockey,USA,Women,Silver
2002,Ice Hockey,USA,Women,Silver
2002,Ice Hockey,USA,Women,Silver
2002,Ice Hockey,USA,Women,Silver
2002,Luge,USA,Men,Bronze
2002,Luge,USA,Men,Bronze
2002,Luge,USA,Men,Silver
2002,Luge,USA,Men,Silver
2002,Skating,USA,Men,Bronze
2002,Skating,USA,Women,Bronze
2002,Skating,USA,Women,Gold
2002,Skating,USA,Men,Silver
2002,Skating,USA,Men,Gold
2002,Skating,USA,Men,Bronze
2002,Skating,USA,Men,Bronze
2002,Skating,USA,Women,Bronze
2002,Skating,USA,Women,Gold
2002,Skating,USA,Men,Gold
2002,Skating,USA,Women,Bronze
2002,Skating,USA,Men,Silver
2002,Skating,USA,Men,Bronze
2002,Skating,USA,Men,Gold
2002,Skiing,USA,Men,Silver
2002,Skiing,USA,Men,Silver
2002,Skiing,USA,Men,Silver
2002,Skiing,USA,Men,Silver
2002,Skiing,USA,Women,Silver
2002,Skiing,USA,Men,Bronze
2002,Skiing,USA,Men,Bronze
2002,Skiing,USA,Men,Gold
2002,Skiing,USA,Men,Silver
2002,Skiing,USA,Women,Gold
2006,Bobsleigh,USA,Women,Silver
2006,Bobsleigh,USA,Women,Silver
2006,Curling,USA,Men,Bronze
2006,Curling,USA,Men,Bronze
2006,Curling,USA,Men,Bronze
2006,Curling,USA,Men,Bronze
2006,Curling,USA,Men,Bronze
2006,Ice Hockey,USA,Women,Bronze
2006,Ice Hockey,USA,Women,Bronze
2006,Ice Hockey,USA,Women,Bronze
2006,Ice Hockey,USA,Women,Bronze
2006,Ice Hockey,USA,Women,Bronze
2006,Ice Hockey,USA,Women,Bronze
2006,Ice Hockey,USA,Women,Bronze
2006,Ice Hockey,USA,Women,Bronze
2006,Ice Hockey,USA,Women,Bronze
2006,Ice Hockey,USA,Women,Bronze
2006,Ice Hockey,USA,Women,Bronze
2006,Ice Hockey,USA,Women,Bronze
2006,Ice Hockey,USA,Women,Bronze
2006,Ice Hockey,USA,Women,Bronze
2006,Ice Hockey,USA,Women,Bronze
2006,Ice Hockey,USA,Women,Bronze
2006,Ice Hockey,USA,Women,Bronze
2006,Ice Hockey,USA,Women,Bronze
2006,Ice Hockey,USA,Women,Bronze
2006,Ice Hockey,USA,Women,Bronze
2006,Skating,USA,Men,Silver
2006,Skating,USA,Women,Silver
2006,Skating,USA,Women,Silver
2006,Skating,USA,Men,Bronze
2006,Skating,USA,Men,Bronze
2006,Skating,USA,Men,Bronze
2006,Skating,USA,Men,Bronze
2006,Skating,USA,Men,Bronze
2006,Skating,USA,Men,Gold
2006,Skating,USA,Men,Silver
2006,Skating,USA,Men,Gold
2006,Skating,USA,Men,Silver
2006,Skating,USA,Men,Bronze
2006,Skating,USA,Men,Silver
2006,Skating,USA,Men,Gold
2006,Skating,USA,Men,Gold
2006,Skiing,USA,Men,Gold
2006,Skiing,USA,Women,Gold
2006,Skiing,USA,Men,Bronze
2006,Skiing,USA,Women,Bronze
2006,Skiing,USA,Men,Gold
2006,Skiing,USA,Men,Silver
2006,Skiing,USA,Women,Gold
2006,Skiing,USA,Women,Silver
2006,Skiing,USA,Men,Gold
2006,Skiing,USA,Women,Silver
2010,Bobsleigh,USA,Men,Gold
2010,Bobsleigh,USA,Men,Gold
2010,Bobsleigh,USA,Men,Gold
2010,Bobsleigh,USA,Men,Gold
2010,Bobsleigh,USA,Women,Bronze
2010,Bobsleigh,USA,Women,Bronze
2010,Ice Hockey,USA,Men,Silver
2010,Ice Hockey,USA,Men,Silver
2010,Ice Hockey,USA,Men,Silver
2010,Ice Hockey,USA,Men,Silver
2010,Ice Hockey,USA,Men,Silver
2010,Ice Hockey,USA,Men,Silver
2010,Ice Hockey,USA,Men,Silver
2010,Ice Hockey,USA,Men,Silver
2010,Ice Hockey,USA,Men,Silver
2010,Ice Hockey,USA,Men,Silver
2010,Ice Hockey,USA,Men,Silver
2010,Ice Hockey,USA,Men,Silver
2010,Ice Hockey,USA,Men,Silver
2010,Ice Hockey,USA,Men,Silver
2010,Ice Hockey,USA,Men,Silver
2010,Ice Hockey,USA,Men,Silver
2010,Ice Hockey,USA,Men,Silver
2010,Ice Hockey,USA,Men,Silver
2010,Ice Hockey,USA,Men,Silver
2010,Ice Hockey,USA,Men,Silver
2010,Ice Hockey,USA,Men,Silver
2010,Ice Hockey,USA,Men,Silver
2010,Ice Hockey,USA,Men,Silver
2010,Ice Hockey,USA,Women,Silver
2010,Ice Hockey,USA,Women,Silver
2010,Ice Hockey,USA,Women,Silver
2010,Ice Hockey,USA,Women,Silver
2010,Ice Hockey,USA,Women,Silver
2010,Ice Hockey,USA,Women,Silver
2010,Ice Hockey,USA,Women,Silver
2010,Ice Hockey,USA,Women,Silver
2010,Ice Hockey,USA,Women,Silver
2010,Ice Hockey,USA,Women,Silver
2010,Ice Hockey,USA,Women,Silver
2010,Ice Hockey,USA,Women,Silver
2010,Ice Hockey,USA,Women,Silver
2010,Ice Hockey,USA,Women,Silver
2010,Ice Hockey,USA,Women,Silver
2010,Ice Hockey,USA,Women,Silver
2010,Ice Hockey,USA,Women,Silver
2010,Ice Hockey,USA,Women,Silver
2010,Ice Hockey,USA,Women,Silver
2010,Ice Hockey,USA,Women,Silver
2010,Ice Hockey,USA,Women,Silver
2010,Skating,USA,Women,Silver
2010,Skating,USA,Men,Silver
2010,Skating,USA,Men,Gold
2010,Skating,USA,Men,Bronze
2010,Skating,USA,Women,Silver
2010,Skating,USA,Men,Bronze
2010,Skating,USA,Men,Silver
2010,Skating,USA,Women,Bronze
2010,Skating,USA,Women,Bronze
2010,Skating,USA,Women,Bronze
2010,Skating,USA,Women,Bronze
2010,Skating,USA,Women,Bronze
2010,Skating,USA,Men,Bronze
2010,Skating,USA,Men,Bronze
2010,Skating,USA,Men,Bronze
2010,Skating,USA,Men,Bronze
2010,Skating,USA,Men,Bronze
2010,Skating,USA,Men,Bronze
2010,Skating,USA,Men,Gold
2010,Skating,USA,Men,Silver
2010,Skating,USA,Men,Silver
2010,Skating,USA,Men,Silver
2010,Skating,USA,Men,Silver
2010,Skating,USA,Men,Silver
2010,Skiing,USA,Men,Bronze
2010,Skiing,USA,Women,Gold
2010,Skiing,USA,Women,Silver
2010,Skiing,USA,Men,Gold
2010,Skiing,USA,Women,Silver
2010,Skiing,USA,Men,Bronze
2010,Skiing,USA,Men,Silver
2010,Skiing,USA,Women,Bronze
2010,Skiing,USA,Men,Silver
2010,Skiing,USA,Men,Bronze
2010,Skiing,USA,Women,Bronze
2010,Skiing,USA,Women,Gold
2010,Skiing,USA,Men,Silver
2010,Skiing,USA,Men,Gold
2010,Skiing,USA,Men,Silver
2010,Skiing,USA,Men,Silver
2010,Skiing,USA,Men,Silver
2010,Skiing,USA,Men,Silver
2010,Skiing,USA,Men,Silver
2010,Skiing,USA,Men,Bronze
2010,Skiing,USA,Men,Gold
2010,Skiing,USA,Women,Bronze
2010,Skiing,USA,Women,Silver
2010,Skiing,USA,Men,Gold
2014,Bobsleigh,USA,Men,Bronze
2014,Bobsleigh,USA,Men,Bronze
2014,Bobsleigh,USA,Men,Bronze
2014,Bobsleigh,USA,Men,Bronze
2014,Bobsleigh,USA,Men,Bronze
2014,Bobsleigh,USA,Men,Bronze
2014,Bobsleigh,USA,Women,Bronze
2014,Bobsleigh,USA,Women,Bronze
2014,Bobsleigh,USA,Women,Silver
2014,Bobsleigh,USA,Women,Silver
2014,Bobsleigh,USA,Men,Bronze
2014,Bobsleigh,USA,Women,Silver
2014,Ice Hockey,USA,Women,Silver
2014,Ice Hockey,USA,Women,Silver
2014,Ice Hockey,USA,Women,Silver
2014,Ice Hockey,USA,Women,Silver
2014,Ice Hockey,USA,Women,Silver
2014,Ice Hockey,USA,Women,Silver
2014,Ice Hockey,USA,Women,Silver
2014,Ice Hockey,USA,Women,Silver
2014,Ice Hockey,USA,Women,Silver
2014,Ice Hockey,USA,Women,Silver
2014,Ice Hockey,USA,Women,Silver
2014,Ice Hockey,USA,Women,Silver
2014,Ice Hockey,USA,Women,Silver
2014,Ice Hockey,USA,Women,Silver
2014,Ice Hockey,USA,Women,Silver
2014,Ice Hockey,USA,Women,Silver
2014,Ice Hockey,USA,Women,Silver
2014,Ice Hockey,USA,Women,Silver
2014,Ice Hockey,USA,Women,Silver
2014,Ice Hockey,USA,Women,Silver
2014,Ice Hockey,USA,Women,Silver
2014,Luge,USA,Women,Bronze
2014,Skating,USA,Men,Gold
2014,Skating,USA,Men,Bronze
2014,Skating,USA,Men,Bronze
2014,Skating,USA,Men,Bronze
2014,Skating,USA,Men,Bronze
2014,Skating,USA,Women,Gold
2014,Skating,USA,Women,Bronze
2014,Skating,USA,Women,
2014,Skating,USA,Women,Bronze
2014,Skating,USA,Women,Bronze
2014,Skating,USA,Men,Silver
2014,Skating,USA,Men,Silver
2014,Skating,USA,Men,Silver
2014,Skating,USA,Men,Silver
2014,Skiing,USA,Men,Gold
2014,Skiing,USA,Men,Bronze
2014,Skiing,USA,Men,Silver
2014,Skiing,USA,Women,Gold
2014,Skiing,USA,Women,Bronze
2014,Skiing,USA,Men,Gold
2014,Skiing,USA,Men,Gold
2014,Skiing,USA,Men,Bronze
2014,Skiing,USA,Men,Silver
2014,Skiing,USA,Women,Bronze
2014,Skiing,USA,Women,Gold
2014,Skiing,USA,Women,Silver
2014,Skiing,USA,Men,Gold
2014,Skiing,USA,Men,Bronze
2014,Skiing,USA,Women,Bronze
2014,Skiing,USA,Women,Gold
2014,Skiing,USA,Women,Gold